scope,patch,bin,n,n_success,asr,ci_lo,ci_hi,sim_min,sim_max
pooled,authors,Q1 (farthest),209,146,69.85645933014354,63.322853087299876,75.67330887282012,0.20669924,0.4048952
pooled,authors,Q2,209,147,70.33492822966507,63.82034351081295,76.11548500256296,0.4052049,0.48401743
pooled,authors,Q3,208,147,70.67307692307693,64.15614929496317,76.44024787807166,0.48453218,0.5562664
pooled,authors,Q4 (nearest),209,160,76.55502392344498,70.36403764686267,81.78745605883998,0.55638367,0.8183367
pooled,p809,Q1 (farthest),209,119,56.9377990430622,50.15915620105715,63.46600882115345,0.20669924,0.4048952
pooled,p809,Q2,209,113,54.066985645933016,47.29821210154224,60.688953601132944,0.4052049,0.48401743
pooled,p809,Q3,208,112,53.84615384615385,47.06293456615296,60.48988351255119,0.48453218,0.5562664
pooled,p809,Q4 (nearest),209,122,58.3732057416268,51.597991416548375,64.84617326542994,0.55638367,0.8183367
advbench,authors,Q1 (farthest),130,88,67.6923076923077,59.245514526019015,75.1235071547934,0.20669924,0.3882738
advbench,authors,Q2,130,93,71.53846153846153,63.25077267145672,78.58977546170624,0.38936895,0.46894407
advbench,authors,Q3,130,75,57.692307692307686,49.09869359174978,65.84435931295128,0.469573,0.54644763
advbench,authors,Q4 (nearest),130,96,73.84615384615385,65.68500092099748,80.6384630835758,0.5465375,0.8183367
advbench,p809,Q1 (farthest),130,61,46.92307692307692,38.55621518512736,55.46656365299223,0.20669924,0.3882738
advbench,p809,Q2,130,51,39.23076923076923,31.262137424507824,47.817588508910696,0.38936895,0.46894407
advbench,p809,Q3,130,41,31.538461538461537,24.17831983320858,39.95835319550889,0.469573,0.54644763
advbench,p809,Q4 (nearest),130,50,38.46153846153847,30.543930774268308,47.04148986868012,0.5465375,0.8183367
safebench,authors,Q1 (farthest),79,59,74.68354430379746,64.10574056272598,82.97213633030822,0.2661667,0.42172903
safebench,authors,Q2,79,60,75.9493670886076,65.4643070877292,84.02781990238367,0.42357108,0.4981127
safebench,authors,Q3,78,67,85.8974358974359,76.48602182063983,91.93895594361288,0.49910662,0.5645612
safebench,authors,Q4 (nearest),79,62,78.48101265822784,68.2128319163289,86.10779526794133,0.5655756,0.813371
safebench,p809,Q1 (farthest),79,63,79.74683544303798,69.60398755205549,87.13088972929341,0.2661667,0.42172903
safebench,p809,Q2,79,69,87.34177215189874,78.24364133349648,92.97673653032447,0.42357108,0.4981127
safebench,p809,Q3,78,66,84.61538461538461,75.00673346677367,90.97449509161288,0.49910662,0.5645612
safebench,p809,Q4 (nearest),79,65,82.27848101265823,72.42380412359361,89.13957335191265,0.5655756,0.813371
