patch,term,coef,se,z,p,n,converged
authors,intercept,1.1177211953157422,0.37864868599397117,2.951868675792892,0.003158572327080936,835,True
authors,max_cos_sim,0.3832835071290865,0.7094446291004913,0.5402585225221223,0.5890187584385784,835,True
authors,benchmark=advbench,-0.5595027167900819,0.16752561813637468,-3.339803923807147,0.0008383755959174518,835,True
authors,max_cos_sim|advbench,0.35928817371282074,0.8379151355597082,0.42878826084556215,0.6680773226754959,520,True
authors,max_cos_sim|safebench,0.44400690194807596,1.3336164670833752,0.3329344777206605,0.7391837432055235,315,True
p809,intercept,2.1484723162745776,0.3886379134823246,5.528210814594884,3.23513156622668e-08,835,True
p809,max_cos_sim,-1.048126376835703,0.7053990753295245,-1.4858629866307589,0.1373153656183883,835,True
p809,benchmark=advbench,-2.0986268332637654,0.17837511830645336,-11.765244240277205,5.895548288640931e-32,835,True
p809,max_cos_sim|advbench,-1.4428684664357374,0.8121934533463137,-1.77650836816153,0.07564916388377975,520,True
p809,max_cos_sim|safebench,0.22740313514363575,1.4665749519830922,0.15505728830029644,0.8767761538557263,315,True
