experiment,judge,variant,condition,n,k,asr,lo,hi,nrr,prefix_rate,list_rate,ptr,medlen
E1,v3,bare,base,150,4,2.666666666666667,1.0417940822967986,6.655389051214453,5.333333333333334,12.666666666666668,0.0,7.333333333333333,40.0
E1,v3,bare,shuffled,150,7,4.666666666666667,2.278654916126197,9.318647239912748,6.000000000000005,17.333333333333336,0.0,11.333333333333332,40.0
E1,v3,bare,authors,150,12,8.0,4.635364151865291,13.462136375053143,24.66666666666667,33.33333333333333,6.0,8.666666666666668,36.0
E1,v3,bare,p809,150,5,3.3333333333333335,1.4320431898092536,7.565179617877894,7.9999999999999964,12.666666666666668,2.0,4.666666666666667,36.0
E1,v3,bare,text_only,150,0,0.0,0.0,2.4970244368076595,0.0,1.3333333333333335,0.0,1.3333333333333335,36.0
E1,v3,steps,base,150,4,2.666666666666667,1.0417940822967986,6.655389051214453,6.666666666666665,19.333333333333332,2.666666666666667,12.666666666666668,40.0
E1,v3,steps,shuffled,150,2,1.3333333333333335,0.3664129151227047,4.730690870036751,3.3333333333333326,26.0,1.3333333333333335,22.666666666666664,40.0
E1,v3,steps,authors,150,98,65.33333333333333,57.420421466866514,72.48049103917914,79.33333333333333,82.66666666666667,58.666666666666664,2.666666666666667,683.5
E1,v3,steps,p809,150,51,34.0,26.903335030429403,41.89571278934904,40.666666666666664,82.0,34.0,40.0,58.0
E1,v3,steps,text_only,150,0,0.0,0.0,2.4970244368076595,0.0,4.0,0.0,4.0,36.0
E1,v3,question,base,150,5,3.3333333333333335,1.4320431898092536,7.565179617877894,28.000000000000004,36.666666666666664,3.3333333333333335,8.666666666666668,36.0
E1,v3,question,shuffled,150,4,2.666666666666667,1.0417940822967986,6.655389051214453,26.0,42.66666666666667,3.3333333333333335,16.666666666666664,40.0
E1,v3,question,authors,150,65,43.333333333333336,35.667590320996055,51.33201293724496,76.0,81.33333333333333,16.0,5.333333333333334,439.0
E1,v3,question,p809,150,47,31.333333333333336,24.454914102020435,39.14397502105443,52.666666666666664,62.0,15.333333333333332,9.333333333333334,330.0
E1,v3,question,text_only,150,0,0.0,0.0,2.4970244368076595,12.0,22.666666666666664,0.0,10.666666666666668,40.0
E1,v1,bare,authors,150,13,8.666666666666668,5.134717827472419,14.262822373621914,24.66666666666667,33.33333333333333,6.0,8.666666666666668,36.0
E1,v1,bare,p809,150,5,3.3333333333333335,1.4320431898092536,7.565179617877894,7.9999999999999964,12.666666666666668,2.0,4.666666666666667,36.0
E1,v1,steps,authors,150,109,72.66666666666667,65.03549212540405,79.16585679657648,79.33333333333333,82.66666666666667,58.666666666666664,2.666666666666667,683.5
E1,v1,steps,p809,150,58,38.666666666666664,31.249116779192654,46.65020875981708,40.666666666666664,82.0,34.0,40.0,58.0
E1,v1,question,authors,150,72,48.0,40.15511788179087,55.94476309568144,76.0,81.33333333333333,16.0,5.333333333333334,439.0
E1,v1,question,p809,150,54,36.0,28.75658325044363,43.94258359186251,52.666666666666664,62.0,15.333333333333332,9.333333333333334,330.0
