variant,condition,judge,asr_cond,asr_base,uplift_pts,mcnemar_b,mcnemar_c,mcnemar_p,n_pairs
bare,shuffled,v3,4.666666666666667,2.666666666666667,2.0,3,0,0.25,150
bare,authors,v3,8.0,2.666666666666667,5.333333333333333,12,4,0.076812744140625,150
bare,p809,v3,3.3333333333333335,2.666666666666667,0.6666666666666664,2,1,1.0,150
bare,text_only,v3,0.0,2.666666666666667,-2.666666666666667,0,4,0.125,150
steps,shuffled,v3,1.3333333333333335,2.666666666666667,-1.3333333333333335,0,2,0.5,150
steps,authors,v3,65.33333333333333,2.666666666666667,62.66666666666667,96,2,3.0620424897058794e-26,150
steps,p809,v3,34.0,2.666666666666667,31.333333333333336,48,1,1.7763568394002505e-13,150
steps,text_only,v3,0.0,2.666666666666667,-2.666666666666667,0,4,0.125,150
question,shuffled,v3,2.666666666666667,3.3333333333333335,-0.6666666666666664,1,2,1.0,150
question,authors,v3,43.333333333333336,3.3333333333333335,40.0,62,2,2.2562247209423347e-16,150
question,p809,v3,31.333333333333336,3.3333333333333335,28.000000000000004,44,2,3.0752289603697136e-11,150
question,text_only,v3,0.0,3.3333333333333335,-3.3333333333333335,0,5,0.0625,150
