epoch,total_loss,text_loss,tv_loss,tv_weight,l2_loss,l2_weight
0,0.5795613527297974,12.30285930633545,0.6670082807540894,0.5,0.08302603662014008,0.0
1,0.5766347646713257,12.321778014302254,0.6603984832763672,0.5,0.08199906349182129,0.0
2,0.5729090571403503,12.32176424562931,0.6529475450515747,0.5,0.08085492998361588,0.0
3,0.5689653158187866,12.298859760165215,0.6459763050079346,0.5,0.07977470010519028,0.0
4,0.5654177069664001,12.299542769789696,0.6388537287712097,0.5,0.0786847472190857,0.0
5,0.5618917346000671,12.298879116773605,0.6318283081054688,0.5,0.07761324197053909,0.0
6,0.5584935545921326,12.294709458947182,0.6251987218856812,0.5,0.076616071164608,0.0
7,0.5560283064842224,12.335791304707527,0.6186249256134033,0.5,0.07563155889511108,0.0
8,0.5510604381561279,12.250705361366272,0.6120926737785339,0.5,0.07465851306915283,0.0
9,0.5482704639434814,12.271835163235664,0.6056675910949707,0.5,0.07370433956384659,0.0
10,0.5453378558158875,12.283522307872772,0.5993347764015198,0.5,0.07276903092861176,0.0
11,0.541979193687439,12.272819116711617,0.5930456519126892,0.5,0.07184448093175888,0.0
12,0.5383831858634949,12.246888220310211,0.5868908166885376,0.5,0.07094694674015045,0.0
13,0.5361194610595703,12.281259819865227,0.5809885263442993,0.5,0.07009124010801315,0.0
14,0.5320526957511902,12.224114894866943,0.5751408338546753,0.5,0.06924334913492203,0.0
15,0.5291918516159058,12.227627456188202,0.5692785382270813,0.5,0.06839648634195328,0.0
16,0.526453971862793,12.236713230609894,0.5634394884109497,0.5,0.06755857169628143,0.0
17,0.5242300629615784,12.271117076277733,0.5576154589653015,0.5,0.06672684103250504,0.0
18,0.5208625793457031,12.246820867061615,0.5518523454666138,0.5,0.06590712070465088,0.0
19,0.5173986554145813,12.216471523046494,0.5461384057998657,0.5,0.06509586423635483,0.0
20,0.515404999256134,12.259571328759193,0.5404271483421326,0.5,0.06428810209035873,0.0
21,0.5111366510391235,12.18676207959652,0.5348027944564819,0.5,0.06349776685237885,0.0
22,0.5087474584579468,12.206593379378319,0.5292311906814575,0.5,0.06271719932556152,0.0
23,0.5055187940597534,12.182786881923676,0.5237260460853577,0.5,0.06194854900240898,0.0
24,0.5029074549674988,12.188929796218872,0.518257737159729,0.5,0.06118989735841751,0.0
25,0.49949097633361816,12.153683215379715,0.5128346085548401,0.5,0.060440290719270706,0.0
26,0.49622464179992676,12.122198194265366,0.5075613260269165,0.5,0.05971534922719002,0.0
27,0.49460169672966003,12.171828880906105,0.5023302435874939,0.5,0.058999307453632355,0.0
28,0.4911189377307892,12.12746125459671,0.49713942408561707,0.5,0.05829266831278801,0.0
29,0.4888918995857239,12.144350424408913,0.4920097589492798,0.5,0.05759444832801819,0.0
30,0.48600393533706665,12.123834282159805,0.4870545268058777,0.5,0.05692429468035698,0.0
31,0.4835265874862671,12.121893614530563,0.4821774661540985,0.5,0.056268833577632904,0.0
32,0.4804016947746277,12.086454004049301,0.47734522819519043,0.5,0.05562034621834755,0.0
33,0.4776346683502197,12.068129554390907,0.4725441336631775,0.5,0.05497853830456734,0.0
34,0.4754730761051178,12.078763917088509,0.46779561042785645,0.5,0.05434407293796539,0.0
35,0.4725896120071411,12.052656725049019,0.46307292580604553,0.5,0.053713608533144,0.0
36,0.4702577292919159,12.052905514836311,0.45839923620224,0.5,0.053091853857040405,0.0
37,0.4675471782684326,12.032822281122208,0.45378145575523376,0.5,0.05247678607702255,0.0
38,0.46507126092910767,12.023102790117264,0.44921839237213135,0.5,0.051872603595256805,0.0
39,0.46280696988105774,12.0228271484375,0.44470086693763733,0.5,0.05127715319395065,0.0
40,0.46096688508987427,12.040662854909897,0.44030722975730896,0.5,0.050700247287750244,0.0
41,0.45761510729789734,11.981527835130692,0.43596911430358887,0.5,0.050132330507040024,0.0
42,0.45577406883239746,11.996147722005844,0.43170225620269775,0.5,0.049577534198760986,0.0
43,0.4533037543296814,11.978213414549828,0.42747899889945984,0.5,0.049031298607587814,0.0
44,0.4500509798526764,11.919583663344383,0.42331862449645996,0.5,0.04849640280008316,0.0
45,0.44768816232681274,11.90377701818943,0.41922527551651,0.5,0.04797403886914253,0.0
46,0.44634541869163513,11.938428416848183,0.41515371203422546,0.5,0.04745785519480705,0.0
47,0.4442368149757385,11.933711871504784,0.41112518310546875,0.5,0.04694832116365433,0.0
48,0.44162946939468384,11.903049021959305,0.4071369767189026,0.5,0.046446554362773895,0.0
49,0.43953728675842285,11.896490514278412,0.4032149314880371,0.5,0.04595442861318588,0.0
50,0.4377017617225647,11.900628566741943,0.39937835931777954,0.5,0.045472994446754456,0.0
51,0.435344934463501,11.877287581562996,0.3955983519554138,0.5,0.04499918594956398,0.0
52,0.43341246247291565,11.873539626598358,0.39188334345817566,0.5,0.044534001499414444,0.0
53,0.4309478998184204,11.841529831290245,0.38823461532592773,0.5,0.04407915845513344,0.0
54,0.430154025554657,11.891955927014351,0.3846297860145569,0.5,0.043631721287965775,0.0
55,0.4280586242675781,11.876598864793777,0.38105326890945435,0.5,0.04318900778889656,0.0
56,0.4263591170310974,11.879905819892883,0.37752199172973633,0.5,0.04275304079055786,0.0
57,0.4238131642341614,11.839873224496841,0.3740314245223999,0.5,0.04232481122016907,0.0
58,0.42144930362701416,11.808062672615051,0.3705761432647705,0.5,0.04190005734562874,0.0
59,0.41956189274787903,11.799080923199654,0.3671605587005615,0.5,0.041481081396341324,0.0
60,0.4173574447631836,11.773473158478737,0.36377596855163574,0.5,0.04106588289141655,0.0
61,0.4158009886741638,11.778557896614075,0.36045968532562256,0.5,0.04066015034914017,0.0
62,0.4138759970664978,11.763908967375755,0.3571956753730774,0.5,0.04026257246732712,0.0
63,0.41300833225250244,11.80010437965393,0.35401248931884766,0.5,0.03987979143857956,0.0
64,0.4093936085700989,11.695299044251442,0.35097527503967285,0.5,0.03950896114110947,0.0
65,0.40817397832870483,11.708549663424492,0.348006010055542,0.5,0.039146311581134796,0.0
66,0.4070255756378174,11.724166080355644,0.3450844883918762,0.5,0.0387914776802063,0.0
67,0.40558141469955444,11.724148631095886,0.34219688177108765,0.5,0.038443997502326965,0.0
68,0.40432536602020264,11.73287047445774,0.33933591842651367,0.5,0.03810252994298935,0.0
69,0.4023020267486572,11.702797681093216,0.3364921808242798,0.5,0.03776569291949272,0.0
70,0.4013901948928833,11.727458193898201,0.3336820602416992,0.5,0.037434037774801254,0.0
71,0.39975640177726746,11.71553373336792,0.3308914601802826,0.5,0.03710620105266571,0.0
72,0.39746689796447754,11.67049553990364,0.32811397314071655,0.5,0.036782074719667435,0.0
73,0.39613452553749084,11.672634616494179,0.3253636658191681,0.5,0.03646153584122658,0.0
74,0.3951877951622009,11.693776398897171,0.3226245641708374,0.5,0.03614223003387451,0.0
75,0.3936743438243866,11.685666263103485,0.3199220299720764,0.5,0.03582886606454849,0.0
76,0.3917383551597595,11.655670672655106,0.3172498941421509,0.5,0.03551928699016571,0.0
77,0.39047175645828247,11.657421916723251,0.3146466016769409,0.5,0.03521694615483284,0.0
78,0.38868921995162964,11.632152780890465,0.3120923638343811,0.5,0.03492011874914169,0.0
79,0.38717180490493774,11.619128033518791,0.30957847833633423,0.5,0.03462715819478035,0.0
